MARCA,MODELO,CILINDRADA,AÃ‘O,VERSION
TOYOTA,COROLLA,1.6,2005.0,
TOYOTA,COROLLA,1.6,2006.0,
TOYOTA,COROLLA,1.6,2007.0,
TOYOTA,COROLLA,1.6,2008.0,
TOYOTA,COROLLA,1.6,2009.0,
TOYOTA,COROLLA,1.6,2010.0,
TOYOTA,COROLLA,1.6,2011.0,
TOYOTA,COROLLA,1.6,2012.0,
TOYOTA,COROLLA,1.6,2013.0,
TOYOTA,COROLLA,1.6,2014.0,
HYUNDAI,SANTA,2.2,2011.0,
CHEVROLET,SPARK,1.2,2011.0,
SUZUKI,BALENO,1.4,2016.0,
SUZUKI,BALENO,1.4,2017.0,
SUZUKI,BALENO,1.4,2018.0,
CHEVROLET,SAIL,1.4,2011.0,
CHEVROLET,SAIL,1.5,2016.0,
HYUNDAI,GRAND,1.2,2016.0,
HYUNDAI,GRAND,1.2,2017.0,
HYUNDAI,GRAND,1.2,2018.0,
KIA,MORNING,1.2,2016.0,
KIA,MORNING,1.2,2017.0,
KIA,MORNING,1.2,2018.0,
TOYOTA,RAV4,2.0,2000.0,
TOYOTA,RAV4,2.0,2001.0,
TOYOTA,RAV4,2.0,2002.0,
TOYOTA,RAV4,2.0,2003.0,
TOYOTA,RAV4,2.0,2004.0,
TOYOTA,RAV4,2.0,2005.0,
TOYOTA,RAV4,2.0,2006.0,
TOYOTA,RAV4,2.0,2007.0,
TOYOTA,RAV4,2.0,2008.0,
TOYOTA,RAV4,2.0,2009.0,
TOYOTA,RAV4,2.0,2010.0,
TOYOTA,RAV4,2.0,2011.0,
TOYOTA,RAV4,2.0,2012.0,
TOYOTA,RAV4,2.0,2013.0,
TOYOTA,RAV4,2.0,2014.0,
TOYOTA,RAV4,2.0,2015.0,
TOYOTA,RAV4,2.0,2016.0,
TOYOTA,RAV4,2.0,2017.0,
HYUNDAI,ACCENT,1.7,2011.0,
KIA,CARENS,1.7,2011.0,
SSANGYONG,NEW,2.0,2012.0,
SSANGYONG,NEW,2.0,2013.0,
SSANGYONG,NEW,2.0,2014.0,
SSANGYONG,NEW,2.0,2015.0,
SSANGYONG,NEW,2.0,2016.0,
SSANGYONG,NEW,2.0,2017.0,
SSANGYONG,NEW,2.0,2018.0,
HYUNDAI,ACCENT,1.6,2006.0,
HYUNDAI,ACCENT,1.6,2007.0,
HYUNDAI,ACCENT,1.6,2008.0,
HYUNDAI,ACCENT,1.6,2009.0,
CHEVROLET,ASTRA,1.4,1992.0,
CHEVROLET,ASTRA,1.4,1993.0,
CHEVROLET,ASTRA,1.4,1994.0,
CHEVROLET,ASTRA,1.4,1995.0,
CHEVROLET,ASTRA,1.4,1996.0,
CHEVROLET,ASTRA,1.4,1997.0,
CHEVROLET,ASTRA,1.4,1998.0,
CHEVROLET,ASTRA,1.6,1992.0,
CHEVROLET,ASTRA,1.6,1993.0,
CHEVROLET,ASTRA,1.6,1994.0,
CHEVROLET,ASTRA,1.6,1995.0,
CHEVROLET,ASTRA,1.6,1996.0,
CHEVROLET,ASTRA,1.6,1997.0,
CHEVROLET,ASTRA,1.6,1998.0,
CHEVROLET,ASTRA,1.6,1999.0,
CHEVROLET,ASTRA,1.6,2000.0,
CHEVROLET,ASTRA,1.6,2001.0,
CHEVROLET,ASTRA,1.6,2002.0,
CHEVROLET,ASTRA,1.6,2003.0,
CHEVROLET,ASTRA,1.6,2004.0,
CHEVROLET,ASTRA,1.6,2005.0,
CHEVROLET,ASTRA,1.8,1997.0,
CHEVROLET,ASTRA,1.8,1998.0,
CHEVROLET,ASTRA,1.8,1999.0,
CHEVROLET,ASTRA,1.8,2000.0,
CHEVROLET,ASTRA,1.8,2001.0,
CHEVROLET,ASTRA,1.8,2002.0,
CHEVROLET,ASTRA,1.8,2003.0,
CHEVROLET,ASTRA,1.8,2004.0,
CHEVROLET,ASTRA,1.8,2005.0,
CHEVROLET,ASTRA,2.0,1997.0,
CHEVROLET,ASTRA,2.0,1998.0,
CHEVROLET,ASTRA,2.0,1999.0,
CHEVROLET,ASTRA,2.0,2000.0,
CHEVROLET,ASTRA,2.0,2001.0,
CHEVROLET,ASTRA,2.0,2002.0,
CHEVROLET,ASTRA,2.0,2003.0,
CHEVROLET,ASTRA,2.0,2004.0,
CHEVROLET,ASTRA,2.0,2005.0,
CHEVROLET,AVEO,1.4,2004.0,
CHEVROLET,AVEO,1.4,2005.0,
CHEVROLET,AVEO,1.4,2006.0,
CHEVROLET,AVEO,1.4,2007.0,
CHEVROLET,AVEO,1.4,2008.0,
CHEVROLET,AVEO,1.4,2009.0,
CHEVROLET,AVEO,1.4,2010.0,
CHEVROLET,AVEO,1.4,2011.0,
CHEVROLET,AVEO,1.4,2012.0,
CHEVROLET,AVEO,1.4,2013.0,
CHEVROLET,AVEO,1.4,2014.0,
CHEVROLET,AVEO,1.4,2015.0,
CHEVROLET,AVEO,1.4,2016.0,
CHEVROLET,CAPTIVA,2.4,2007.0,
CHEVROLET,CAPTIVA,2.4,2008.0,
CHEVROLET,CAPTIVA,2.4,2009.0,
CHEVROLET,CAPTIVA,2.4,2010.0,
CHEVROLET,CAPTIVA,2.4,2011.0,
CHEVROLET,COMBO,1.3,2003.0,
CHEVROLET,COMBO,1.3,2004.0,
CHEVROLET,COMBO,1.3,2005.0,
CHEVROLET,COMBO,1.3,2006.0,
CHEVROLET,COMBO,1.3,2007.0,
CHEVROLET,COMBO,1.3,2008.0,
CHEVROLET,COMBO,1.3,2009.0,
CHEVROLET,COMBO,1.3,2010.0,
CHEVROLET,COMBO,1.3,2011.0,
CHEVROLET,COMBO,1.3,2012.0,
CHEVROLET,COMBO,1.4,1995.0,
CHEVROLET,COMBO,1.4,1996.0,
CHEVROLET,COMBO,1.4,1997.0,
CHEVROLET,COMBO,1.4,1998.0,
CHEVROLET,COMBO,1.4,1999.0,
CHEVROLET,COMBO,1.4,2000.0,
CHEVROLET,COMBO,1.4,2001.0,
CHEVROLET,COMBO,1.4,2002.0,
CHEVROLET,COMBO,1.4,2003.0,
CHEVROLET,COMBO,1.4,2004.0,
CHEVROLET,COMBO,1.4,2005.0,
CHEVROLET,COMBO,1.4,2006.0,
CHEVROLET,COMBO,1.4,2007.0,
CHEVROLET,COMBO,1.4,2008.0,
CHEVROLET,COMBO,1.4,2009.0,
CHEVROLET,COMBO,1.4,2010.0,
CHEVROLET,COMBO,1.4,2011.0,
CHEVROLET,COMBO,1.4,2012.0,
CHEVROLET,COMBO,1.7,1997.0,
CHEVROLET,COMBO,1.7,1998.0,
CHEVROLET,COMBO,1.7,1999.0,
CHEVROLET,COMBO,1.7,2000.0,
CHEVROLET,COMBO,1.7,2001.0,
CHEVROLET,COMBO,1.7,2002.0,
CHEVROLET,COMBO,1.7,2003.0,
CHEVROLET,COMBO,1.7,2004.0,
CHEVROLET,COMBO,1.7,2005.0,
CHEVROLET,COMBO,1.7,2006.0,
CHEVROLET,COMBO,1.7,2007.0,
CHEVROLET,COMBO,1.7,2008.0,
CHEVROLET,COMBO,1.7,2009.0,
CHEVROLET,COMBO,1.7,2010.0,
CHEVROLET,COMBO,1.7,2011.0,
CHEVROLET,COMBO,1.7,2012.0,
CHEVROLET,CORSA,1.0,1993.0,
CHEVROLET,CORSA,1.0,1994.0,
CHEVROLET,CORSA,1.0,1995.0,
CHEVROLET,CORSA,1.0,1996.0,
CHEVROLET,CORSA,1.0,1997.0,
CHEVROLET,CORSA,1.0,1998.0,
CHEVROLET,CORSA,1.0,1999.0,
CHEVROLET,CORSA,1.0,2000.0,
CHEVROLET,CORSA,1.0,2001.0,
CHEVROLET,CORSA,1.0,2002.0,
CHEVROLET,CORSA,1.0,2003.0,
CHEVROLET,CORSA,1.0,2004.0,
CHEVROLET,CORSA,1.0,2005.0,
CHEVROLET,CORSA,1.0,2006.0,
CHEVROLET,CORSA,1.0,2007.0,
CHEVROLET,CORSA,1.0,2008.0,
CHEVROLET,CORSA,1.0,2009.0,
CHEVROLET,CORSA,1.0,2010.0,
CHEVROLET,CORSA,1.4,1993.0,
CHEVROLET,CORSA,1.4,1994.0,
CHEVROLET,CORSA,1.4,1995.0,
CHEVROLET,CORSA,1.4,1996.0,
CHEVROLET,CORSA,1.4,1997.0,
CHEVROLET,CORSA,1.4,1998.0,
CHEVROLET,CORSA,1.4,1999.0,
CHEVROLET,CORSA,1.4,2000.0,
CHEVROLET,CORSA,1.4,2001.0,
CHEVROLET,CORSA,1.4,2002.0,
CHEVROLET,CORSA,1.4,2003.0,
CHEVROLET,CORSA,1.4,2004.0,
CHEVROLET,CORSA,1.4,2005.0,
CHEVROLET,CORSA,1.4,2006.0,
CHEVROLET,CORSA,1.4,2007.0,
CHEVROLET,CORSA,1.4,2008.0,
CHEVROLET,CORSA,1.4,2009.0,
CHEVROLET,CORSA,1.4,2010.0,
CHEVROLET,CORSA,1.6,1993.0,
CHEVROLET,CORSA,1.6,1994.0,
CHEVROLET,CORSA,1.6,1995.0,
CHEVROLET,CORSA,1.6,1996.0,
CHEVROLET,CORSA,1.6,1997.0,
CHEVROLET,CORSA,1.6,1998.0,
CHEVROLET,CORSA,1.6,1999.0,
CHEVROLET,CORSA,1.6,2000.0,
CHEVROLET,CORSA,1.6,2001.0,
CHEVROLET,CORSA,1.6,2002.0,
CHEVROLET,CORSA,1.6,2003.0,
CHEVROLET,CORSA,1.6,2004.0,
CHEVROLET,CORSA,1.6,2005.0,
CHEVROLET,CORSA,1.6,2006.0,
CHEVROLET,CORSA,1.6,2007.0,
CHEVROLET,CORSA,1.6,2008.0,
CHEVROLET,CORSA,1.6,2009.0,
CHEVROLET,CORSA,1.6,2010.0,
CHEVROLET,CORSA,1.7,1999.0,
CHEVROLET,CORSA,1.7,2000.0,
CHEVROLET,CORSA,1.7,2001.0,
CHEVROLET,CORSA,1.7,2002.0,
CHEVROLET,CORSA,1.7,2003.0,
CHEVROLET,CORSA,1.7,2004.0,
CHEVROLET,CORSA,1.7,2005.0,
CHEVROLET,CORSA,1.8,2000.0,
CHEVROLET,CORSA,1.8,2001.0,
CHEVROLET,CORSA,1.8,2002.0,
CHEVROLET,CORSA,1.8,2003.0,
CHEVROLET,CORSA,1.8,2004.0,
CHEVROLET,CORSA,1.8,2005.0,
CHEVROLET,CORSA,1.8,2006.0,
CHEVROLET,CORSA,1.8,2007.0,
CHEVROLET,CORSA,1.8,2008.0,
CHEVROLET,CORSA,1.8,2009.0,
CHEVROLET,CORSA,1.8,2010.0,
CHEVROLET,EPICA,2.0,2004.0,
CHEVROLET,EPICA,2.0,2005.0,
CHEVROLET,EPICA,2.0,2006.0,
CHEVROLET,MONTANA,1.7,2003.0,
CHEVROLET,MONTANA,1.7,2004.0,
CHEVROLET,MONTANA,1.7,2005.0,
CHEVROLET,MONTANA,1.7,2006.0,
CHEVROLET,MONTANA,1.8,2003.0,
CHEVROLET,MONTANA,1.8,2004.0,
CHEVROLET,MONTANA,1.8,2005.0,
CHEVROLET,MONTANA,1.8,2006.0,
CHEVROLET,MONTANA,1.8,2011.0,
CHEVROLET,MONTANA,1.8,2012.0,
CHEVROLET,MONTANA,1.8,2013.0,
CHEVROLET,OPTRA,1.6,2004.0,
CHEVROLET,OPTRA,1.6,2005.0,
CHEVROLET,OPTRA,1.6,2006.0,
CHEVROLET,OPTRA,1.6,2007.0,
CHEVROLET,OPTRA,1.6,2008.0,
CHEVROLET,OPTRA,1.6,2009.0,
CHEVROLET,OPTRA,1.6,2010.0,
CHEVROLET,OPTRA,1.6,2011.0,
CHEVROLET,OPTRA,1.6,2012.0,
CHEVROLET,OPTRA,1.6,2013.0,
CHEVROLET,OPTRA,1.8,2004.0,
CHEVROLET,OPTRA,1.8,2005.0,
CHEVROLET,OPTRA,1.8,2006.0,
CHEVROLET,OPTRA,1.8,2007.0,
CHEVROLET,OPTRA,1.8,2008.0,
CHEVROLET,OPTRA,1.8,2009.0,
CHEVROLET,OPTRA,1.8,2010.0,
CHEVROLET,OPTRA,1.8,2011.0,
CHEVROLET,OPTRA,1.8,2012.0,
CHEVROLET,OPTRA,1.8,2013.0,
CHEVROLET,OPTRA,2.0,2006.0,
CHEVROLET,OPTRA,2.0,2007.0,
CHEVROLET,OPTRA,2.0,2008.0,
CHEVROLET,OPTRA,2.0,2009.0,
CHEVROLET,OPTRA,2.0,2010.0,
CHEVROLET,OPTRA,2.0,2011.0,
CHEVROLET,OPTRA,2.0,2012.0,
CHEVROLET,OPTRA,2.0,2013.0,
CHEVROLET,SAIL,1.4,2010.0,
CHEVROLET,SAIL,1.4,2011.0,
CHEVROLET,SAIL,1.4,2012.0,
CHEVROLET,SAIL,1.4,2013.0,
CHEVROLET,SAIL,1.4,2014.0,
CHEVROLET,SAIL,1.4,2015.0,
CHEVROLET,SAIL,1.4,2016.0,
CHEVROLET,SAIL,1.4,2017.0,
CHEVROLET,SAIL,1.4,2018.0,
CHEVROLET,SAIL,1.4,2019.0,
CHEVROLET,SAIL,1.4,2020.0,
CHEVROLET,SAIL,1.4,2021.0,
CHEVROLET,SAIL,1.5,2010.0,
CHEVROLET,SAIL,1.5,2011.0,
CHEVROLET,SAIL,1.5,2012.0,
CHEVROLET,SAIL,1.5,2013.0,
CHEVROLET,SAIL,1.5,2014.0,
CHEVROLET,SAIL,1.5,2015.0,
CHEVROLET,SAIL,1.5,2016.0,
CHEVROLET,SAIL,1.5,2017.0,
CHEVROLET,SAIL,1.5,2018.0,
CHEVROLET,SAIL,1.5,2019.0,
CHEVROLET,SAIL,1.5,2020.0,
CHEVROLET,SAIL,1.5,2021.0,
CHEVROLET,SPARK,0.8,2004.0,
CHEVROLET,SPARK,0.8,2005.0,
CHEVROLET,SPARK,0.8,2006.0,
CHEVROLET,SPARK,0.8,2007.0,
CHEVROLET,SPARK,0.8,2008.0,
CHEVROLET,SPARK,0.8,2009.0,
CHEVROLET,SPARK,0.8,2010.0,
CHEVROLET,SPARK,0.8,2011.0,
CHEVROLET,SPARK,0.8,2012.0,
CHEVROLET,SPARK,0.8,2013.0,
CHEVROLET,SPARK,0.8,2014.0,
CHEVROLET,SPARK,0.8,2015.0,
CHEVROLET,SPARK,0.8,2016.0,
CHEVROLET,SPARK,1.0,2004.0,
CHEVROLET,SPARK,1.0,2005.0,
CHEVROLET,SPARK,1.0,2006.0,
CHEVROLET,SPARK,1.0,2007.0,
CHEVROLET,SPARK,1.0,2008.0,
CHEVROLET,SPARK,1.0,2009.0,
CHEVROLET,SPARK,1.0,2010.0,
CHEVROLET,SPARK,1.0,2011.0,
CHEVROLET,SPARK,1.0,2012.0,
CHEVROLET,SPARK,1.0,2013.0,
CHEVROLET,SPARK,1.0,2014.0,
CHEVROLET,SPARK,1.0,2015.0,
CHEVROLET,SPARK,1.0,2016.0,
CHEVROLET,VECTRA,1.6,1996.0,
CHEVROLET,VECTRA,1.6,1997.0,
CHEVROLET,VECTRA,1.6,1998.0,
CHEVROLET,VECTRA,1.6,1999.0,
CHEVROLET,VECTRA,1.6,2000.0,
CHEVROLET,VECTRA,1.6,2001.0,
CHEVROLET,VECTRA,1.6,2002.0,
CHEVROLET,VECTRA,1.6,2003.0,
CHEVROLET,VECTRA,1.6,2004.0,
CHEVROLET,VECTRA,1.6,2005.0,
CHEVROLET,VECTRA,1.6,2006.0,
CHEVROLET,VECTRA,1.8,1996.0,
CHEVROLET,VECTRA,1.8,1997.0,
CHEVROLET,VECTRA,1.8,1998.0,
CHEVROLET,VECTRA,1.8,1999.0,
CHEVROLET,VECTRA,1.8,2000.0,
CHEVROLET,VECTRA,1.8,2001.0,
CHEVROLET,VECTRA,1.8,2002.0,
CHEVROLET,VECTRA,1.8,2003.0,
CHEVROLET,VECTRA,1.8,2004.0,
CHEVROLET,VECTRA,1.8,2005.0,
CHEVROLET,VECTRA,1.8,2006.0,
CHEVROLET,VECTRA,2.0,1996.0,
CHEVROLET,VECTRA,2.0,1997.0,
CHEVROLET,VECTRA,2.0,1998.0,
CHEVROLET,VECTRA,2.0,1999.0,
CHEVROLET,VECTRA,2.0,2000.0,
CHEVROLET,VECTRA,2.0,2001.0,
CHEVROLET,VECTRA,2.0,2002.0,
CHEVROLET,VECTRA,2.0,2003.0,
CHEVROLET,VECTRA,2.0,2004.0,
CHEVROLET,VECTRA,2.0,2005.0,
CHEVROLET,VECTRA,2.0,2006.0,
CHEVROLET,VECTRA,2.2,1996.0,
CHEVROLET,VECTRA,2.2,1997.0,
CHEVROLET,VECTRA,2.2,1998.0,
CHEVROLET,VECTRA,2.2,1999.0,
CHEVROLET,VECTRA,2.2,2000.0,
CHEVROLET,VECTRA,2.2,2001.0,
CHEVROLET,VECTRA,2.2,2002.0,
CHEVROLET,VECTRA,2.2,2003.0,
CHEVROLET,VECTRA,2.2,2004.0,
CHEVROLET,VECTRA,2.2,2005.0,
CHEVROLET,VECTRA,2.2,2006.0,
CHEVROLET,ZAFIRA,2.0,2002.0,
CHEVROLET,ZAFIRA,2.0,2003.0,
CHEVROLET,ZAFIRA,2.0,2004.0,
CHEVROLET,ZAFIRA,2.0,2005.0,
CHEVROLET,ZAFIRA,2.0,2006.0,
CHEVROLET,ZAFIRA,ND,1999.0,
CHEVROLET,ZAFIRA,ND,2000.0,
CHEVROLET,ZAFIRA,ND,2001.0,
DAEWOO,ESPERO,1.5,1995.0,
DAEWOO,ESPERO,1.5,1996.0,
DAEWOO,ESPERO,1.5,1997.0,
DAEWOO,ESPERO,1.5,1998.0,
DAEWOO,ESPERO,1.5,1999.0,
DAEWOO,ESPERO,1.5,2000.0,
DAEWOO,ESPERO,2.0,1995.0,
DAEWOO,ESPERO,2.0,1996.0,
DAEWOO,ESPERO,2.0,1997.0,
DAEWOO,ESPERO,2.0,1998.0,
DAEWOO,ESPERO,2.0,1999.0,
DAEWOO,ESPERO,2.0,2000.0,
DAEWOO,HEAVEN,1.5,1994.0,
DAEWOO,HEAVEN,1.5,1995.0,
DAEWOO,HEAVEN,1.5,1996.0,
DAEWOO,HEAVEN,1.5,1997.0,
DAEWOO,HEAVEN,1.5,1998.0,
DAEWOO,LANOS,1.5,1998.0,
DAEWOO,LANOS,1.5,1999.0,
DAEWOO,LANOS,1.5,2000.0,
DAEWOO,LANOS,1.5,2001.0,
DAEWOO,LANOS,1.5,2002.0,
DAEWOO,LANOS,1.5,2003.0,
DAEWOO,RACER,1.5,1992.0,
DAEWOO,RACER,1.5,1993.0,
DAEWOO,RACER,1.5,1994.0,
DAEWOO,RACER,1.5,1995.0,
DAEWOO,RACER,1.5,1996.0,
DAEWOO,RACER,1.5,1997.0,
HYUNDAI,ELANTRA,1.5,1990.0,
HYUNDAI,ELANTRA,1.5,1991.0,
HYUNDAI,ELANTRA,1.5,1992.0,
HYUNDAI,ELANTRA,1.5,1993.0,
HYUNDAI,ELANTRA,1.5,1994.0,
HYUNDAI,EXCEL,1.5,1986.0,
HYUNDAI,EXCEL,1.5,1987.0,
HYUNDAI,EXCEL,1.5,1988.0,
HYUNDAI,EXCEL,1.5,1989.0,
HYUNDAI,EXCEL,1.5,1990.0,
HYUNDAI,EXCEL,1.5,1991.0,
HYUNDAI,EXCEL,1.5,1992.0,
HYUNDAI,EXCEL,1.5,1993.0,
HYUNDAI,EXCEL,1.5,1994.0,
HYUNDAI,EXCEL,1.5,1995.0,
HYUNDAI,EXCEL,1.5,1996.0,
OPEL,ASTRA,1.4,1992.0,
OPEL,ASTRA,1.4,1993.0,
OPEL,ASTRA,1.4,1994.0,
OPEL,ASTRA,1.4,1995.0,
OPEL,ASTRA,1.4,1996.0,
OPEL,ASTRA,1.4,1997.0,
OPEL,ASTRA,1.4,1998.0,
OPEL,ASTRA,1.6,1992.0,
OPEL,ASTRA,1.6,1993.0,
OPEL,ASTRA,1.6,1994.0,
OPEL,ASTRA,1.6,1995.0,
OPEL,ASTRA,1.6,1996.0,
OPEL,ASTRA,1.6,1997.0,
OPEL,ASTRA,1.6,1998.0,
OPEL,ASTRA,1.6,1999.0,
OPEL,ASTRA,1.6,2000.0,
OPEL,ASTRA,1.6,2001.0,
OPEL,ASTRA,1.6,2002.0,
OPEL,ASTRA,1.6,2003.0,
OPEL,ASTRA,1.6,2004.0,
OPEL,ASTRA,1.6,2005.0,
OPEL,ASTRA,1.8,1997.0,
OPEL,ASTRA,1.8,1998.0,
OPEL,ASTRA,1.8,1999.0,
OPEL,ASTRA,1.8,2000.0,
OPEL,ASTRA,1.8,2001.0,
OPEL,ASTRA,1.8,2002.0,
OPEL,ASTRA,1.8,2003.0,
OPEL,ASTRA,1.8,2004.0,
OPEL,ASTRA,1.8,2005.0,
OPEL,ASTRA,2.0,1997.0,
OPEL,ASTRA,2.0,1998.0,
OPEL,ASTRA,2.0,1999.0,
OPEL,ASTRA,2.0,2000.0,
OPEL,ASTRA,2.0,2001.0,
OPEL,ASTRA,2.0,2002.0,
OPEL,ASTRA,2.0,2003.0,
OPEL,ASTRA,2.0,2004.0,
OPEL,ASTRA,2.0,2005.0,
OPEL,COMBO,1.3,2003.0,
OPEL,COMBO,1.3,2004.0,
OPEL,COMBO,1.3,2005.0,
OPEL,COMBO,1.3,2006.0,
OPEL,COMBO,1.3,2007.0,
OPEL,COMBO,1.3,2008.0,
OPEL,COMBO,1.3,2009.0,
OPEL,COMBO,1.3,2010.0,
OPEL,COMBO,1.3,2011.0,
OPEL,COMBO,1.3,2012.0,
OPEL,COMBO,1.4,1995.0,
OPEL,COMBO,1.4,1996.0,
OPEL,COMBO,1.4,1997.0,
OPEL,COMBO,1.4,1998.0,
OPEL,COMBO,1.4,1999.0,
OPEL,COMBO,1.4,2000.0,
OPEL,COMBO,1.4,2001.0,
OPEL,COMBO,1.4,2002.0,
OPEL,COMBO,1.4,2003.0,
OPEL,COMBO,1.4,2004.0,
OPEL,COMBO,1.4,2005.0,
OPEL,COMBO,1.4,2006.0,
OPEL,COMBO,1.4,2007.0,
OPEL,COMBO,1.4,2008.0,
OPEL,COMBO,1.4,2009.0,
OPEL,COMBO,1.4,2010.0,
OPEL,COMBO,1.4,2011.0,
OPEL,COMBO,1.4,2012.0,
OPEL,COMBO,1.7,1997.0,
OPEL,COMBO,1.7,1998.0,
OPEL,COMBO,1.7,1999.0,
OPEL,COMBO,1.7,2000.0,
OPEL,COMBO,1.7,2001.0,
OPEL,COMBO,1.7,2002.0,
OPEL,COMBO,1.7,2003.0,
OPEL,COMBO,1.7,2004.0,
OPEL,COMBO,1.7,2005.0,
OPEL,COMBO,1.7,2006.0,
OPEL,COMBO,1.7,2007.0,
OPEL,COMBO,1.7,2008.0,
OPEL,COMBO,1.7,2009.0,
OPEL,COMBO,1.7,2010.0,
OPEL,COMBO,1.7,2011.0,
OPEL,COMBO,1.7,2012.0,
OPEL,CORSA,1.0,1993.0,
OPEL,CORSA,1.0,1994.0,
OPEL,CORSA,1.0,1995.0,
OPEL,CORSA,1.0,1996.0,
OPEL,CORSA,1.0,1997.0,
OPEL,CORSA,1.0,1998.0,
OPEL,CORSA,1.0,1999.0,
OPEL,CORSA,1.0,2000.0,
OPEL,CORSA,1.0,2001.0,
OPEL,CORSA,1.0,2002.0,
OPEL,CORSA,1.0,2003.0,
OPEL,CORSA,1.0,2004.0,
OPEL,CORSA,1.0,2005.0,
OPEL,CORSA,1.0,2006.0,
OPEL,CORSA,1.0,2007.0,
OPEL,CORSA,1.0,2008.0,
OPEL,CORSA,1.0,2009.0,
OPEL,CORSA,1.0,2010.0,
OPEL,CORSA,1.4,1993.0,
OPEL,CORSA,1.4,1994.0,
OPEL,CORSA,1.4,1995.0,
OPEL,CORSA,1.4,1996.0,
OPEL,CORSA,1.4,1997.0,
OPEL,CORSA,1.4,1998.0,
OPEL,CORSA,1.4,1999.0,
OPEL,CORSA,1.4,2000.0,
OPEL,CORSA,1.4,2001.0,
OPEL,CORSA,1.4,2002.0,
OPEL,CORSA,1.4,2003.0,
OPEL,CORSA,1.4,2004.0,
OPEL,CORSA,1.4,2005.0,
OPEL,CORSA,1.4,2006.0,
OPEL,CORSA,1.4,2007.0,
OPEL,CORSA,1.4,2008.0,
OPEL,CORSA,1.4,2009.0,
OPEL,CORSA,1.4,2010.0,
OPEL,CORSA,1.6,1993.0,
OPEL,CORSA,1.6,1994.0,
OPEL,CORSA,1.6,1995.0,
OPEL,CORSA,1.6,1996.0,
OPEL,CORSA,1.6,1997.0,
OPEL,CORSA,1.6,1998.0,
OPEL,CORSA,1.6,1999.0,
OPEL,CORSA,1.6,2000.0,
OPEL,CORSA,1.6,2001.0,
OPEL,CORSA,1.6,2002.0,
OPEL,CORSA,1.6,2003.0,
OPEL,CORSA,1.6,2004.0,
OPEL,CORSA,1.6,2005.0,
OPEL,CORSA,1.6,2006.0,
OPEL,CORSA,1.6,2007.0,
OPEL,CORSA,1.6,2008.0,
OPEL,CORSA,1.6,2009.0,
OPEL,CORSA,1.6,2010.0,
OPEL,CORSA,1.7,1999.0,
OPEL,CORSA,1.7,2000.0,
OPEL,CORSA,1.7,2001.0,
OPEL,CORSA,1.7,2002.0,
OPEL,CORSA,1.7,2003.0,
OPEL,CORSA,1.7,2004.0,
OPEL,CORSA,1.7,2005.0,
OPEL,CORSA,1.8,2000.0,
OPEL,CORSA,1.8,2001.0,
OPEL,CORSA,1.8,2002.0,
OPEL,CORSA,1.8,2003.0,
OPEL,CORSA,1.8,2004.0,
OPEL,CORSA,1.8,2005.0,
OPEL,CORSA,1.8,2006.0,
OPEL,CORSA,1.8,2007.0,
OPEL,CORSA,1.8,2008.0,
OPEL,CORSA,1.8,2009.0,
OPEL,CORSA,1.8,2010.0,
OPEL,VECTRA,1.6,1996.0,
OPEL,VECTRA,1.6,1997.0,
OPEL,VECTRA,1.6,1998.0,
OPEL,VECTRA,1.6,1999.0,
OPEL,VECTRA,1.6,2000.0,
OPEL,VECTRA,1.6,2001.0,
OPEL,VECTRA,1.6,2002.0,
OPEL,VECTRA,1.6,2003.0,
OPEL,VECTRA,1.6,2004.0,
OPEL,VECTRA,1.6,2005.0,
OPEL,VECTRA,1.6,2006.0,
OPEL,VECTRA,1.8,1996.0,
OPEL,VECTRA,1.8,1997.0,
OPEL,VECTRA,1.8,1998.0,
OPEL,VECTRA,1.8,1999.0,
OPEL,VECTRA,1.8,2000.0,
OPEL,VECTRA,1.8,2001.0,
OPEL,VECTRA,1.8,2002.0,
OPEL,VECTRA,1.8,2003.0,
OPEL,VECTRA,1.8,2004.0,
OPEL,VECTRA,1.8,2005.0,
OPEL,VECTRA,1.8,2006.0,
OPEL,VECTRA,2.0,1996.0,
OPEL,VECTRA,2.0,1997.0,
OPEL,VECTRA,2.0,1998.0,
OPEL,VECTRA,2.0,1999.0,
OPEL,VECTRA,2.0,2000.0,
OPEL,VECTRA,2.0,2001.0,
OPEL,VECTRA,2.0,2002.0,
OPEL,VECTRA,2.0,2003.0,
OPEL,VECTRA,2.0,2004.0,
OPEL,VECTRA,2.0,2005.0,
OPEL,VECTRA,2.0,2006.0,
OPEL,VECTRA,2.2,1996.0,
OPEL,VECTRA,2.2,1997.0,
OPEL,VECTRA,2.2,1998.0,
OPEL,VECTRA,2.2,1999.0,
OPEL,VECTRA,2.2,2000.0,
OPEL,VECTRA,2.2,2001.0,
OPEL,VECTRA,2.2,2002.0,
OPEL,VECTRA,2.2,2003.0,
OPEL,VECTRA,2.2,2004.0,
OPEL,VECTRA,2.2,2005.0,
OPEL,VECTRA,2.2,2006.0,
OPEL,ZAFIRA,2.0,2002.0,
OPEL,ZAFIRA,2.0,2003.0,
OPEL,ZAFIRA,2.0,2004.0,
OPEL,ZAFIRA,2.0,2005.0,
OPEL,ZAFIRA,2.0,2006.0,
OPEL,ZAFIRA,ND,1999.0,
OPEL,ZAFIRA,ND,2000.0,
OPEL,ZAFIRA,ND,2001.0,
KIA,RIO,,2003.0,
KIA,RIO,,2005.0,
HYUNDAI,I10,,2015.0,
HYUNDAI,I10,,2018.0,
KIA,CARENS,,2007.0,
KIA,CARENS,,2013.0,
SSANGYONG,ACTYON,,2007.0,
SSANGYONG,ACTYON,,2011.0,
SSANGYONG,ACTYON,,2007.0,
SSANGYONG,ACTYON,,2011.0,
MITSUBISHI,LANCER,1.5,1998.0,
MITSUBISHI,LANCER,1.3,1990.0,
MITSUBISHI,LANCER,1.3,1991.0,
HYUNDAI,EON,,2013.0,
MITSUBISHI,LANCER,,2008.0,
HYUNDAI,SONATA,,2003.0,
HYUNDAI,SONATA,,2005.0,
HYUNDAI,ELANTRA,,2014.0,
HYUNDAI,ELANTRA,,2016.0,
SSANGYONG,ACTYON,,2012.0,
KIA,SPORTAGE,,2011.0,
SSANGYONG,ACTYON,,2012.0,
HYUNDAI,GRAND,,2020.0,BA PE 1
SSANGYONG,MUSSO,2.2,2020.0,GRAND
FORD,EXPLORER,3.5,2020.0,XLT
KIA,SOLUTO,1.4,2020.0,LX
RENAULT,OROCH,1.6,2020.0,
MITSUBISHI,L200,2.4,2020.0,WORK CR WF
HYUNDAI,CRETA,1.6,2020.0,GS PE
MG,ZS,1.5,2020.0,
SSANGYONG,TIVOLI,1.6,2019.0,
CHEVROLET,SAIL,1.5,2020.0,
MG,3,1.5,2020.0,
JEEP,CHEROKEE,,2020.0,LONGITUDE F
DS,3,,2020.0,CROSSBACK HDI 100
MG,3,1.5,2020.0,
BMW,118D,2.0,2020.0,
CHEVROLET,COLORADO,,2020.0,DCAB 2
MAZDA,3,2.0,2020.0,
CHEVROLET,SAIL,1.5,2020.0,
HYUNDAI,TUCSON,2.0,2020.0,TL
CHEVROLET,SAIL,1.5,2020.0,
CHEVROLET,SAIL,1.5,2020.0,
HYUNDAI,PORTER,2.5,2020.0,II DOHC
MG,ZS,1.5,2020.0,
MG,ZS,1.5,2020.0,
VOLKSWAGEN,SAVEIRO,1.6,2020.0,D CAB
NISSAN,PATHFINDER,3.5,2020.0,A
NISSAN,NAVARA,,2020.0,DCAB 4X
BMW,X4,,2020.0,XDRIVE 20I 2
MITSUBISHI,L200,,2020.0,KATANA CRT
MITSUBISHI,L200,,2020.0,KATANA CRT
MG,3,1.5,2020.0,
SSANGYONG,MUSSO,2.2,2020.0,GRAND
CHEVROLET,SAIL,1.5,2020.0,
CHEVROLET,SPARK,1.2,2020.0,GT DOHC
SUBARU,FORESTER,2.0,2020.0,
SUZUKI,BALENO,1.4,2020.0,GLS
SUZUKI,SCROSS,1.6,2020.0,II GLX
JAC,NEW,2.0,2020.0,M4
JAC,S3,1.6,2020.0,CE
GREAT WALL,3,2.0,2020.0,SR
GREAT WALL,3,2.0,2020.0,LE
FIAT,UNO,1.4,2020.0,WAY EVO
SSANGYONG,MUSSO,2.2,2020.0,GRAND
SUZUKI,DZIRE,1.2,2020.0,GL SPORT
MAZDA,3,2.0,2020.0,
HYUNDAI,GRAND,,2020.0,BA GLS
HYUNDAI,TUCSON,2.0,2020.0,TL
NISSAN,X-TRAIL,2.5,2020.0,
